1,이걸문기가,ㅋㅋㅋ광고를들으려고클릭해서들어온적은첨이네
2,곽철용,이렇게내가광고까지했는데도사먹지않으면변사체가된다
3,정성훈,아놔내가살면서광고를클릭해서볼줄이야아이언드래곤성님화이팅하십쇼
4,송현우,내가유튜브에서광고를찾아들어간건처음이네ㅋㅋㅋ광고더블로가!
5,킴데이브,장난삼아얘기했던게실제로이어지네ㅋㅋ
6,메유,고니야감자튀김하나찔러봐라
7,Realestate,광고를클릭해서본건처음이다...이게내결론이다
8,최호영,뒤에노란정장김영철사딸라와드박습니다.
9,여러분하고싶은거다fuxkin해요,곽철용이분은발성이랑목소리가개씹사기라평범한대사해도명대사가됨앞으로도건승하시길
10,남성인권부,"곽철용이대로야쿠르트광고까지가즈아ㅏ!!""고니야~빨대한번찔러봐라."""
11,jeongmin9,진짜트렌디한브랜드네ㅋㅋ
12,미스터굿굿Mr.GoodGood,밈떴을때바로광고제작해줬으면더좋았을텐데..그래도지금이라도볼수있어서흐뭇함굿굿
13,sunyukim,드디어버거킹이이루었도다ㅋㅋㅋㅋㅋㅋㅋㅋㅋㅋㅋㅋㅋㅋㅋ앜ㅋㅋㅋㅋ역시버거패티는묻고더블로가야제맛!🍔
14,혜니,전설의곽철용ㅋㅋㅋ드디어광고도찍으신건가요ㅋㅋㅋㅋㅋ
15,정은정,"양준일님이팬미팅했다는버거킹구경하러홈피,여기까지와보네요다음광고는양준일님으로~~지금광고도멋져요~~"
16,ammss11,알바여자분사딸라때랑같은사람인듯ㅋㅋㅋㅋㅋㅋㅋㅋㅋㅋ
17,운지민,나올줄알았다ㅋㅋㅋㅋㅋㅋㅋ
18,너그토록아름다운,"양준일님이어렸을때부터버거킹마니아였다는데...어제팬미팅에서""예전에는팬미팅을버거킹에서했어요~""마지막멘트""2차로버거킹?""..양준일을모델로..."
19,StationStop,0:160:19김영철이스터에그...?
20,Bonggeun,광고보다일부러들어옴내일점심은햄버거가ㅋㅋ
21,갸오니,"옛날옛적에준일님이드셨던버거가궁금합니다~탑골버거~버거킹이버거""킹""이었던그때그시절~~"
22,코코리코,1991시간여행버거하나만들고양준일님버거킹광고갑시다~♡준일님90년대버거킹단골♡팬과의소통장소도버거킹♡광고주님들밀어주세요~♡
23,통화거래내역,00:1700:19사딸라김영철씨깜짝출현
24,이자영,참~~나😉❤양준일때문에버거킹엘다들어왔네😅다음편광고는양준일씨강력추천~~~~합니다👍👍👍👍👍양준일씨가팬미팅에서버거킹얘길계속하시더라구요ㅋ그영상보고햄버거좋아하지도않는데대체뭐가그리좋아서버거킹버거킹하나들어와봤어요😆담CF는양준일씨로~~~예~~~❤❤❤그럼아들데리고롯데리아안가고버거킹만가겠음😉😉👍👍🍔🍔🍟🍟❤❤
25,박유튜브,동네분들을위해워터파크작은거지만무료개방하실때부터인성굿
26,TonyShin,묻고더블로가!!나믿고더블로가!!AskandGotoTheBlue!!
27,이준희,ㅋㅋㅋ아놔버거킹진짜ㅋㅋㅋ햄버거도좋아하지만광고로항상웃겨주네ㅋㅋㅋㅋ
28,SunnSunny,진짜유튜브광고자발적클릭은처음이네요ㅋㅋㅋ
29,Skywalker,내가유튜브생활3년만에광고썸네일보고들어오긴처음이다ㅋㅋㅋㅋㅋ
30,도개걸윷모모모,버거하나에패티두개를태워?너나중에다시봐~
31,카이저소제,"맥도날드도안되,롯데리아도안되,이안에버거킹상대가없다.이게내결론이야."
32,AaronRyeoYoon,곽철용뒤에노란옷ㅋㅋㅋㅋㅋㅋㅋㅋㅋㅋㅋㅋ세계관이합쳐지는것인가?
33,Univ찌룩,0:04웃음참으시는거같으신데ㅋㅋㅋㅋㅋㅋㅋ
34,2차는버거킹,준일오빠가팬미팅했던지점을찾아주세요~~성지순례갈거야아~~
35,-쌍쌍바100원,와내가스스로광고를클릭하다니...ㅋㅋㅋㅋㅋㅋㅋㅋㅋㅋㅋ
36,블쿠BC,누가이거광고나오면좋겠다했는데진짜나왔네ㅋㅋㅋㅋㅋㅋㅋㅋㅋ
37,꾼희,"""Askandgototheblue"""
38,방구석게임,와조회수ㅋㅋㅋㅋㅋㅋ뭐얔ㅋㅋㅋㅋㅋㅋㅋ버거킹이이렇게떡상하네볼때마다몇만씩올라
39,doledoDole,0:08반복재생중..넘귀엽자나
40,sinkyulee,이제야나왔네ㅋㅋㅋㅋㅋ기다리고있었다맛깔난다역시본좌야ㅠㅠ
41,양훈김,0:160:19그분의옷이보인다
42,hopjay,광고볼려고클릭한건처음인뎈ㅋㅋㅋ배댓도쭈욱그래서너무신기ㅋㅋ대박
43,UI유아이,아진짜진심방터졋다아침부터ㅋㅋㅋㅋㅋㅋㅋㅋㅋㅋㅋ
44,곽재영,ㅋㅋㅋㅋ와댓글처음적는데진짜찍었네이거ㅋㅋㅋㅋ대박
45,유멜리,진짜미쳤나봨ㅋㅋㅋㅋㅋㅋㅋㅋㅋㅋㅋㅋㅋㅋㅋㅋㅋㅋㅋㅋㅋㅋㅋ너무좋아ㅠㅠㅠㅋㅋㅋㅋㅋㅋㅋㅋㅋㅋㅋㅋㅋㅋㅋ
46,OhHailena[Show]그라시아스,광고가오진다ㅋㅋ
47,갓시탈,0:08철용형님죄송합니다.이누나가더눈에들어왔습니다..
48,후라이팬,0:03
49,국민이개돼지냐,햄버거안먹는데먹어야겠누많이사먹으면철용이형또광고찍음ㅋㅋ
50,짜파게티중독자,이이저씨너무좋아ㅋㅋㅋㅋㅋㅋㅋㅋㅋ
51,escorter*,나왔네ㅋㅋㅋㅋ쫌만더빨리나왔으면좋았을듯
52,근달,ㅋㅋㅋㅋㅋㅋㅋ그냥죤나좋닼ㅋㅋㅋㅋㅋㅋㅋㅋㅋㅋㅋㅋㅋㅋㅋ
53,유리,나온다는소문구란줄알았더니진짜네...엌ㅋㅋㅋㄱㄱ답글달아주셨네요
54,JhO,올데이킹은밈을위해태어난버거인가...
55,오,ㅋㅋㅋㅋㅋ
56,김지훈,ㅋㅋㅋㅋㅋ저아저씨내스타일
57,JJMOTORCAR2,0:15이분4달라하신그아저씨임ㅋㅋ
58,totomanlee,대바크!ㅋㅋㅋ예상했던일이벌어졌구나?어이~젊은친구들...신사답게댓글써!
59,강진영,"진짜광고모델찰떡,...철용형님멋잇어용ㅠㅠㅠ역시묻고더블로가!!!!!"
60,수수,메이킹영상도궁금하다.0:18버거킹목소리멋있고넘나좋은것!
61,김탱쟈,철용형님광고하는거좋은데ㅠㅠㅜㅜㅜㅜㅜㅜㅜㅜ확실히주름이나인상이나이가더드신게보이는게더안타깝습니다ㅜㅜㅜㅜㅜㅠㅜㅜㅜㅜㅠ크엉...
62,Happyoutube,미친...ㅎㅎㅎ진짜광고로나왔네...ㅋㅋㅋ먹으러가야겠다...ㅋㅋㅋ
63,Mr.섭풍,진짜나옴ㅋㅋㅋㅋ
64,sogood,ㅋㅋㅋㅋㅋㅋㅋ아오진짜ㅋㅋㅋ귀여우셔
65,lmh115566,이시간에5번연달아보는내인생쌉레전드~
66,SRLowless,0:04영화랑똑같다ㄹㅇㅋㅋ쿠
67,인간•62년전.,0:19노란옷4딸라
68,사성구,진짜나왔엌ㅋㅋㅋ
69,김은겸,ㅋㅋㅋㅋㅋㅋㅋㅋㅋㅋㅋㅋㅋ진짜찍엇네짱이다👍👍
70,내가뭐하는지안궁금해?,0:160:19사달라그는대체...
71,인디러버,물들어올때노저었네버거킹ㅋㅋㅋ
72,ZombieCorea,ㅈㄴ웃기네ㅋㅋㅋㄱㅋㅋ
73,치코Chico,아니진짜나오냐고ㅋㅋㅋㅋㅋㅋㅋㅋㅋㅋㅋㅋㅋㅋㅋ
74,카ryo,아미친ㅋㅋㅋ진짜로찍었엌ㅋㅋㅋㅋㄴㅇㅅ!!
75,joshykang12,zㅋㅋㅋㅋㅋㅋㅋㅋㅋㅋㅋㅋㅋㅋㅋㅋㅋㅋㅋㅋㅋㅋㅋㅋㅋㅋㅋㅋㅋㅋㅋㅋㅋ이런경우가있었나...응수형화이팅꽃길걸으십쇼묻고더블로가가이렇게흥행할줄은.....ㄷㄷ
76,kimdaddy,ㅋㅋㅋㅋㅋㅋ개웃기넼ㅋㅋㅋㅋ잘어울린다ㅋㅋㅋㅋㅋ
77,이동화,아너무좋다ㅋㅋ역시응수형님^^완전팬입니다ㅎㅎ
78,현우킴,와진짜나왔넼ㅋㅋㅋㅋㅋㅋ
79,서꺼이,ㅋㅋㅋㅋㅋㅋㅋㅋ머야이거철용형님요즘왜케핫해♡
80,이현무,이걸진짜만드네ㅋㅋㅋㅋ
81,윤종현,ㅋㅋㅋㅋㅋ이게진짜로나오네ㅋㅋㅋㅋ
82,구름의행방,ㅋㅋㅋㅋㅋㅋㅋㅋ아너무웃기네요
83,미연김,봐도바도좋앜ㅋㅋㅋ아이돌도안파는데ㅋㅋㅋㅋㅋ김응수아저씨좋아서버거킹다녀옴ㅋㅋㅋㅋ
84,요시,이거나올줄알았다ㄹㅇㅋㅋㅋㅋㅋㅋㅋㅋㅋㅋㅋㅋㅋㅋ
85,YoungJoonPark,누군햄버거수사안해본줄아나ㅋㅋㅋㅋ
86,베트남여자Vietgirl,"한국친구들이알려줘서외국인도한다'어이~젊은숙녀!나믿고더블로가~"""
87,이정리,ㅋㅋㅋㅋ아놔이게내결론이다에서빵터짐요ㅋㅋㅋㅋ곽철용만세
88,최욱,와진짜광고로만들어질줄은몰랐네요^^철용형님묻고더블로가겠습니다
89,UUniverse,사딸라양반도줄서고있음ㅋㅋㅋㅋㅋㅋㅋㅋ
90,KiKei,진짜로나왔나?해서왓더니진짜로나옴ㅋㅋㅋㅋ
91,LutherVandRoss,진짜우끼다ㅋㅋ
92,보마,ㅋㅋㅋㅋ
93,호랑이,ㅋㅋㅋ
94,iohccm,진짜똑같애ㅋㅋㅋㅋㅋㅋㅋ
95,김홍민,미쳤다ㅋㄱㄱㅋ센스있구먼유ㅋㅋㄱㄱㅋ
96,DarkDark,ㅋㅋㅋㅋㅋㅋㅋㅋㅋ더블겁나좋아ㅋㅋ
97,김민주,곽철용상남잨ㅋㅋㅋ광고찾아본건첨임ㅋㅋㅋ
98,충아라미스,ㅋㅋㅋ하여튼연기를잘하시니까.어울리네요.ㆍ나도믿고더블로가까요
99,고등생,ㅋㅋㄱㅋㄲㅋㄱㅋㄱㅋㅋ드디어나왔다
100,성욱,살면서광고눌러서본거두번째다ㅋㅋㅋㅋ첫번째는4딸라
101,어하,아ㅈㄴ웃기네ㅋㅋㅋㅋㅋㅋㅋㅋㅋㅋ케
102,황신영,와...조회수미쳤네..ㅋㅋㅋㅋㅋㅋ오늘점심은묻고떠블로간다!!
103,쿨병걸린배놀부,광고클릭해서들어온건진짜처음이다ㅋㅋㅋㅋㅋㅋㅋㅋ
104,악플다는스님,ㅋㅋㅋㅋㅋㅋㅋㅋㅋㅋㅋㅋㅋㅋ묻고떠블로가ㅋㅋ
105,문정호,곽철용ㅋㅋㅋㅋ
106,효신,이형님때문에타짜9번봤어요ㅋㅋㅋ사랑해요철용곽
107,HYSeo,ㅋㅋㅋㅋㅋㅋㅋㅋㅋㅋㅋㅋ앜ㅋㅋㅋㅋㅋㅋㅋ철용좤ㅋㅋㅋㅋㅋㅋ
108,foxi,왘ㅋㅋㅋㅋㅋ
109,진지충,ㅋㅋㅋㅋ아~만족스럽다ㅋㅋㅋ
110,LEEChan,ㄹㅇ찍었넼ㅋㅋㅋㅋㅋㅋ
111,박준연,결국찍으셨군욬ㅋㅋㅋㅋㅋㅋㅋㅋㅋ
112,술인,진짜보고싶었는데광고로나올줄이야ㅠㅠㅠㅠ버거킹개좋아ㅋㅋㅋㅋㅋㅋㅋ
113,쿠티,4백만ㅋㅋㅋ조회수미쳤ㅋㅋㅋ
114,다카!!다카!!,설마했는데나왔어ㅋㅋㅋㅋ
115,VLbrothers,버거유니버스ㅋㅋㅋㅋㅋㅋㅋㅋㅋㅋㅋㅋㅋㅋㅋㅋㅋㅋㅋㅋ뒤지게웃었네ㅋㅋㅋㅋㅋㅋㅋㅋㅋㅋㅋ
116,J.bluebirdsyndrome,너무좋아요ㅋㅋㅋ
117,월하군,뒤에사달라형님은뭔데ㅋㅋㅋ
118,현은설,ㅋㅋㅋ왜안나오나했다
119,치요,ㅋㅋㅋㅋㅋㅋㅋㅋㅋㅋㅋㅋㅋㅋㅋㅋㅋㅋㅋㅋㅋㅋㅋㅋㅋㅋ진짜나오네
120,신쟁,ㅋㅎㅋㅎㅋㅎㅋㅎㅎㅋㅋㅎㅋㅎ
121,MooK!,아대박ㅋㅋ광고를클릭해서보게될줄이야~^^버커킹진짜굿초이스다~
122,공장마스터,겁나웃기네ㅋㅋㅋㅋ
123,정수민,아진짜광고왠만하면안보는데ㅋㅋㅋㅋ
124,김성훈,ㅋㅋㅋㅋ나올줄알았다
125,도봉구도봉동도봉순,0:160:20김영철ㄷㄷㄷ버거킹세계관확장인가
126,서영훈,ㅋㅋㅋㅋ결국한편찍으셨넵추카드링니다~~ㅋ
127,sunnysunny,아~ㅋㅋ결국광고찍으셨네ㅋㅋㅋ
128,HYL,기다리고있었다ㅋㅋㅋ
129,정세민,ㅋㅋㅋㅋㅋㅋㅋ
130,허니,ㅋㅋㅋㅋㅋㅋㅋ
131,병신만보면짖는개,ㅋㅋㅋㅋㅋㅋ
132,라솔솔,ㅋㅋㅋ
133,조보아,ㅋㅋㅋ
134,김민우,ㅋㅋ강하고묵직하다임팩트쩐다..역시👍
135,그레인저계정,와ㅋㅋㅋㅋ상상했던게실제로이루어져버리네ㄲㅋㄱ
136,UNKNOWN,버거킹유니버스개웃김ㅋㅋㅋㅋㅋ
137,뜰뒤,ㅋㅋㅋㅋ김두한에어서곽철용
138,쏠망쏠망[ossol&mangtto&mango],질리질않아ㅋㅋㅋ광고가
139,Kim궁딩,늬미ㅋㅋㅋㅋㅋㅋㅋ생각만했던게현실이되다늬ㅋㅋㅋㅋㅋㅋㅋㅋ철용이형♡♡♡♡♡♡
140,웃Kss,ㅋㅋㅋㅋㅋㅋㅋ최고네
141,오꾸닭,ㅋㅋㅋㅋ설마설마했는데진짜광고찍었네
142,리니셜,알바분너무이쁘셔ㅠ
143,좌지우지,ㅋㅋㅋㅋ
144,UNGGUM3S,ㅋㅋㅋㅋ
145,부렉빙,ㅋㅋㅋㅋㅋㅋㅋ
146,토이조아TOYJOAH,아이언드래곤형님!!형님믿고오늘더블로갔습니다!!
147,시아아,ㅋㅋ기ㅋㅋㅋㅋ광고들어올줄알았음
148,펭-하,ㅋㅋㅋㅋㅋㅋㅋㅋㅋ사딸라에이어이젠곽철용ㅋㅋㅋㅋㅋ
149,DavidKim,뭐야형왜거기서나와ㅋㅋㅋㅋㅋ
150,예진,아ㅋㅋㅋㅋㅋㅋㅋ
151,스마일꽃,ㅋㅋㅋㅋ묻고더블로가!
152,강지현,명대사다나오는데거부감이없엌ㅋㅋㅋㅋ
153,찐따판별기,ㅋㅋㅋ안들어올수가없다
154,시낭,뒤에김영철먼데ㅋㅋㅋ
155,좋아하는사람이있다어떻게고백하지?,버거킹은유행을좋아하누ㅋㅋㅋㅋㅋ그래서좋닼ㅋㅋㅋ
156,소심한쿨가이,ㅋㅋㅋㅋ진짜찍었네
157,쿠오우워,역시갓거킹실행에옮기는구나ㅋㅋㅋ
158,오민TV,참나이게현실이되다니ㅎㅎㅎ
159,이은철,ㅋㅋㅋㅋㅋ내스스로광고를클릭해서보다니
160,허세용Seyong,이거섬네일보고안누를수있냐고ㅋㅋ젊은친구형믿고더블로갑니다
161,김단우,심영:(0:150:19)혹시김두한맞소?김두한:사딸라....곽철용:사딸라...이게내결론이다..
162,샹크스,앞으로영화에서도자주보이시길ㅠㅠ느와르너무잘어울리심
163,해딱,김영철사딸라도찍더니ㅋㅋㅋㅋㅋㅋㅋ버거킹이캐스팅하나는잘한다진짜
164,DGKIM,중후한거보솤ㅋㅋㅋ마지막버거킹캣치브랜드존나멋있엌ㅋㅋ
165,김지희,ㅋㅋㅋㅋ이거언젠간나올거라고예상하고있었어요ㅋㅋㅋㅋㅋ
166,김정훈,철용곽형님ㅋㅋ넘흐웃경
167,신지훈,ㅋㅋㅋㅋㅋㅋㅋㅋㅋ
168,이정현,오~돌아왔구나곽철용이
169,MiAn,ㅋㅋㅋㅋㅋㅋㅋㅋㅋㅋㅋ
170,Woo-junPark,ㅋㅋㅋㅋㅋㅋㅋㅋㅋㅋㅋ
171,오쏠오쏠귀여워,광고를클릭하게만들다니ㅋㅋㅋㅋㅋㅋㅋ
172,JhL,ㅇㅇㅇㄷㄹㄱ
173,repair4488,ㅋㅋㅋㅋㅋㅋㅋㅋ.형님파이팅입니다버거킹도파이팅!!
174,김진성,ㅎㅎ축하해요버거킹먹어야겠다~
175,윤상진,화란아나도더블페티올익스트라에라지사이즈업해서먹고산다.
176,김홍준,유튜브에서광고처음찾아들어옴ㅋㅋㅋ
177,SiKim,0:160:19버거킹유니버스가열립니다.
178,ShotHoly,떠블로가!ㅋㅋㅋㅋㅋㅋㅋㅋ
179,JI,와씨바이거광고로나올거같다는사람봤는데ㅋㅋㅋㅋㅋㅋㅋㅋㅋㅋ
180,윤민호,광고까지찾아와서댓글달긴첨이네요ㅋㅋㅋ철용좌날아오르라~~~
181,깜보,찬호형광고이후로두번째로들어왔네ㅋㅋㅋ
182,박영균,미친ㅋㅋㅋㅋ이거언제부터하나요??
183,Mr.Blackhole미스터블랙홀,사딸라에이어서ㅋㅋㅋ떠블로가ㅋㅋ
184,hhH,이게나오다니ㅋㅋㅋ
185,D.H.MOON,ㅋㅋㅋㅋㅋㅋ
186,태성,ㅋㅋㅋㅋㅋㅋㅋcf찍으셧넹ㅋㅋ
187,고니,저중간에노란색옷뒷모습김영철이네ㅋㅋㅋㅋㅋㅋ
188,권성진,ㅋㅋㅋㅋㅋㅋㅋㅋㅋㅋㅋ진짜나왔네
189,모노가타리,묻고소리질러어~~
190,김승민,와곽철용엄청웃기네ㅋㅋㅋ광고를볼줄이야...묻고더블로가쟈!!
191,따시,더블로갓!ㅋㅋㅋ
192,김갑환,ㅋㅇㅋ
193,트리비,ㅋㅋㅋㅋㅋ오늘점심은버거킹이다ㅋㅋㅋ
194,시링띠링,광고떠서들어온건첨이닼ㅋㅋㅋㅋㅋㅋㅋㅋ
195,우우,ㅋㅋㅋㅋㅋㅋㅋㅋㅋㅋㅋㅋㅋ
196,nightSummer,나믿고더블로가ㅋㅋㅋㅋㅋㅋㅋㅋ
197,17171771,ㅋㅋㅋㅋㅋㅋㅋㅋㅋㅋㅋㅋㅋ
198,겜프로,와이거볼려고광고르루직접보네ㅋㅋㅋㅋ
199,땅새,깨어있는버거킹오집니다!!!오늘도와퍼씹으며하루를마무리!!@@
200,kmduck,ㅋㅋㅋㅋㅋㅋㅋ강제제2의전성기시작
201,나엄정화났어,왘ㅋㅋㅋㅋㅋ원래사람들이원하는건절대안이루어지는데이루어졌다ㅋㅋㅋㅋㅋㅋㅋ개웃기네버거킹일잘혀~~???
202,블루BLUE_뉴수원,5252버거킹!믿고있었다구!
203,행운이,ㅋㅋㅋ묻고더블로가역대급유행어
204,옆집돌맹이에붙어사는뚱이,드디어나왔네ㅋㅋㅋㅋㅋㅋ
205,SS,버거킹진짜광고모델은잘뽑네ㅋㅋ
206,왕도깨비TV,ㅋㅋㅋㅋ드이어찍으셨군요ㅋㅋㅋ
207,박정훈,젊은친구나믿고더블로가아욱껴ㅋㅋㅋㅋㅋ
208,조용준,광고잼있네ㅋㅋㅋㅋ살다살다광고가궁금해서들어오긴또첨이네ㅎㅎ
209,소소리소소리,ㅁㅊㅋㅋㅋㅋㅋ
210,잡다한정보공유,ㅋㅋ개웃기네ㅋㅋ
211,아무리생강케도너마늘,ㅋㅋㅋㅋㅋㅋㅋㅋㅋㅋㅋㅋㅋㅋㅋㅋ
212,이뭐뭐,와근데진짜위엄있으시네..ㄷㄷ
213,리니셜,이거보면서더블패티올데이킹먹으니까존맛ㅎㅎㅎㅎㅎ
214,페를,이야~~
215,아몰랑,사먹겠숩니다변사체가되기싫어요ㅋㅋㅋ
216,은진,ㅋㅋㅋㅋ결국CF까지나오고야말았네진짜광고보려고들어온거처음인듯
217,RoyKim,ㅋㅋ안들어올수가없는광고
218,홀릭러브유,사달라에이어서ㅋㅋㅋ더블로가나
219,덜익은도우너,광고실수로누른거말고직접클릭해서들어온거처음ㅋㅋㅋ
220,순둥제리,ㅋㅋㅋㅋㅋㅋㅋㅋㅋㅋㅋ믿고...더블로...함먹어봐야것는디.....ㅋㅋㅋㅋ
221,성질난미소,ㅋㅋ미치겠다철용형도미치겠는데사딸라영철샘깨알같이등장하네ㅋㅋㅋ젊은친구나믿고더블로가할때보세여ㅋㅋ
222,둠피스트,저게4달라랑같이나오면ㅋㅋㅋㅋㅋ
223,양양,버거킹ㅋㅋ물들어올때노젓넼ㅋㅋㅋ
224,안준현,굿~곽선생님흥하세요
225,kyeongyoonkim,궁예뒤태무엇ㅋㅋㅋ
226,상후니,ㅎㅎㅎ잘만들었다
227,김영찬,마지막뒤에김두한있네ㅋㅋㅋㅋㅋㅋ
228,달파란,젊은친구나믿고떠블로가~!심쿵♡살다살다광고클릭해서몇번보는건지ㅋㅋㅋㅋㅋㅋ
229,GuiltySpark,아니뒤에사딸라뭔데ㅋㅋㅋㅋㅋㅋㅋ콜라보떡밥인가요?ㅋㅋㅋㅋㅋㅋㅋ
230,김민주,버거킹오늘은이게내결론이다ㅋㅋㅋㅋㅋㅋ아배고파졌다버거킹매직..
231,라디오씨,0:10???:특별한소스양상추치즈피클양파까지
232,DK-soul,처음으로알고클릭한광고ㅋㅋㅋㅋ
233,김우민,곽철용광고언제나오나궁금했었는데ㅋㅋ
234,askedm,이런미친ㅋㅋㅋㅋㅋ이게나오네
235,평범한일반인들을위하여,오늘만5번봤어
236,최재훈,타짜ㅋㅋㅋ
237,neverever,알바귀엽다
238,ᄉᄇ니타,드디어곽철용광고찍네ㅋㅋㅋㅋㅋ
239,belIsa,😍😍😍😍😍😍😍😍😍😍😍😍😍😍
240,픞카,와이게진짜나왓넼ㅋㅋㅋ
241,뀨뀨,ㅋㅋㅋ캬이목소리지
242,아르미9,캬~~~~~이게바로내가원하던거야
243,[리니지M]BJ지노,ㅋㅋㅋㅋㅋㅋㅋ이형보러이광고를누르게되다니
244,Closor,이형데뷔했누
245,송준섭,1빠용
246,지영박시율,다음편은양준일님부탁해요2차는버거킹!
247,시연TV,광고를보려고들어온적첨이닼ㅋㅋㅋ
248,모두하이,진짜올해전반기는김두한/후반기는곽철용이다...대박!
249,응으,버거킹은사딸라형님도그렇고이번에도ㅋㅋㅋ대단
250,김석현,묻고더블로가ㅋㅋㅋㅋ
251,mcatorr,수트도더블..셔츠까지블루네ㅋㅋ
252,damc,ㅋㅋㅋ이제서야발휘대나?
253,듀얼엣지,진짜되네;;
254,L이이Jᅵᄂsᅮ,마케팅성-공
255,지나가는사람,4달라부터개웃기네ㅋㅋ
256,리틀포레스트,ㅋㅋ
257,에이치효MusicinLove,와ㅋㅋ광고클릭
258,문철승,ㅋㅋ
259,ZZZ,똑똑한마케팅부
260,buzzRock,유튜브들어와서광고를찾아본건처음이네욬ㅋ
261,이연희,일부러10번씩보는듯ㅋㅋ
262,야김두한부끄럽지도않은가,나중에사딸라vs더블로가이걸로광고나오면좋겠네요ㅋㅋ
263,hayescarmen,버거킹다음광고는양준일추천
264,김바다,곽철용의위엄ㅎㄷㄷ
265,vrrud,간절히바라면온우주가도와준다더니진짜나오네ㅋㅋㅋ
266,김철,광고보러옴ㅋㅋㅋㅋ
267,icandoityct,아이거보려고광고를찾아서보네ㅋㅋㅋㅋ
268,에베벱,마지막에젊은친구앞에도4딸라네ㄷㄷ
269,탁이,ㅋㅋㅋ광고다시보기한적은처음이닼ㅋㅋㅋㅋㅋ
270,shinhwaKang,ㅋㅋ
271,케이비,0:07더블패티더블올데이킹입니다ㅋㅋㅋㅋ이여자뭐야졸귀탱이자어
272,당황한기철이,광고시나리오적더니드디어광고가나왔네ㅋㅋㅋ
273,VAR판독기,"""죄송합니다.조커인저도이걸먹은뒤로더블병이생겼습니다.하하하하하하하하!!!!×2"""
274,황준영,대사잘버무려놧네ㅋㅋㅋㅋ
275,스타워즈덕후,0:150:19이들가운데스파이가있는것같은?
276,이상운,형님기다렸습니다.
277,이동영,아ㅋㅋ진짜광고였네ㅋㅋㅋ누가또합성한줄ㅋㅋㅋㅋ
278,걓걓햫햫,ㅋㅋ4달라아재도보이네무슨버거킹유니버스냐??ㅋㅋㅋㅋ
279,shhan,오늘X도X드들어갈려다가버거킹에서먹었음역시버거킹
280,동튼다,광고를찾아서3번보게될줄은ㅋㅋㅋㅋ
281,개간디,이cf나올것같드라ㅋㅋ
282,gfd4f,0:17이익숙한노랭색옷입은남자는혹시4딸라?
283,박성재,네네치킨은돈없어서더블비로대체했는데역시킹갓엠페러울트라슈퍼충무공버거킹은진짜곽철용님으로광고찌네ㅋㅋ
284,라이언벅스,드뎌강림하셧구나ㅋㅋㅋ
285,Seok.H.Park,결국나왔넼ㅋㅌㅋㅋㅋㅋㅋㅋㅋㅋㅋ
286,牛肉,버거킹유행에빠르네ㅋㅋㅋ
287,박철희,와중독성쩐다ㅎ
288,LyDia,아니ㅋㅋㅋ이거자체가.광고라서광고없이바로재생되는게너무졓아ㅜ
289,유동우,진짜역대광고효과창출하겠네ㅋㅋㅋㅋㅋㅋㅋㅋㅋㅋㅋㅋㅋㅋㅋㅋㅋㅋ
290,갓갓갓,뜨자마자허겁지겁왔다ㄹㅇㅋㅋㅋㅋ
291,PARKSOONDAE,광고를보고싶어서왔네ㅋㅋㅋㅋㅋㅋㅋ곽철용믿고더블로간다버거킹ㄱㄱ
292,KinamYun,철용이형커여어~
293,랔돜,0:16뒤에노랑정장0:204번째노랑정장이를통해4딸라인것을알수있다
294,말쿠19,묻고내구독자2배로가!
295,LoseYourself,철용님....아저씨믿고사막을게용...🍔🍔🍔🍔🍔
296,선이터,곽철용!!!!!!곽철용!!!!!곽철용!!!!!!
297,DawonJang,버거킹아주맘에들어~
298,우럭의과학채널,ㅁ아니?이게???
299,임동현65,대박이네ㅋㅋㅋ
300,정동수,ㅋㅋㅋㅋㅋ이분정말ㅋㅋㅋㅋ
301,너른골,사딸라도숨어있네ㅋㅋㅋㅋㅋ
302,ᄋᄉᄋ,영상나온지이틀만에280만ㄷㄷ역시아이언드래곤
303,윤재욱,ㅋㅋㅋㅋㅋㅋㅋㅋㅋㅋㅋㅋㅋㅋㅋㅋㅋㅋㅋㅋㅋㅋㅋㅋㅋㅋㅋㅋㅋ더블로갘ㅋㅋㅋㅋㅋㅋㅋㅋㅋ
304,설빙하,ㅋㅋㅋㅋㅋㅋㅋ진짜로찍었네광고볼라고누른건처음..
305,hyominAhn,그래이거지ㅋㅋㅋ
306,박희영,zzzzzzzzzzzzzzzzzzzzzzㅋㅋㅋㅋㅋㅋㅋㅋㅋㅋㅋㅋㅋㅋㅋㅋㅋㅋㅋㅋㅋㅋㅋㅋㅋㅋㅋㅋㅋㅋㅋㅋㅋㅋㅋㅋㅋㅋㅋ잘못본줄알았넼ㅋㅋㅋㅋㅋㅋㅋㅋㅋㅋㅋㅋㅋㅋㅋㅋㅋㅋㅋㅋㅋㅋ
307,악크미,게시하루만에조회수459만ㄷㄷ
308,현밍,철용아저씨좋은사람👇🏻
309,에어린,킹거킹유튭활동도열심히하눜ㅋㅋ
310,최승훈,이광고가나오길기다렸닼ㅋㅋㅋㅋㅋ
311,PaulChung,형드디어찍었구나?ㅋㅋㅋㅋㅋ
312,꼬마티탄,이걸원했어!!!
313,ZZZ,저노란양복김두한아님?
314,정재백,야발광곤데썸넬보고어케안들어오누ㅋㅋㅋㅋㅋ
315,정민기,ㅋㅋㅋㅋㅋㅋ드래곤형땜에보러왔네ㅋㅋㅋ
316,박봉수,따따불로과~
317,뚱티즈,이따날밝으면버거킹먹으러간다ㅋㅋㅋ
318,현대홍보팀,0:16ㅋㅋㅋㅋ뒤에노란수트사딸라김영철이네ㅋㅋㅋㅋㅋㅋㅋㅋ깨알같아섬세함
319,박세라,근데밈이뭐예요?
320,아쟁총각,우리곽형님믿고더블로가야겠다~~~
321,SSiKiM,김영철에이엌ㅋㅋㅋㅋㅋ곽철용까지....
322,디자이너언더독,ㅋㅋㅋㅋㅋㅋ아놔나만클릭한게아니었네
323,hyunkim,ㅋㅋㅋ진짜광고보려고클릭한적은처음
324,수박맛탄산,무슨광고조회수가300만이넘네ㄷㄷ근데진짜목소리좋으시다ㅋㅋㅋㅋ한번들음못잊을보이스
325,JiAYJ,👌🏻
326,룰루랄라,0:150:18사딸라좌나옴ㅜㅜ
327,WarBand,gotheblueㅋㅋ
328,파이크,버거킹패러디에재미들렀나사딸라도그렇고
329,송민준,철용좌ㄹㅇ로찍었넼ㅋㅋㅋㅋ개좋아
330,socialproblemTV,내가버거킹유튜브채널을들어올줄이야ㅋㅋㅋㅋ왜또조회수는하루만에570만회인뎈ㅋㅋㅋㅋㅋㅋ진짜버거킹한번가야겠다ㄹㅇ철용이형님봐서라도
331,야유로봇,버거킹또치트키쓰네아ㅋㅋ
332,둥이둥이,버거킹가서일하는분들한테감튀하나만찔러보라고하고싶다ㅋㅋㅋㄱㄲㅋ진상중에진상일듯
333,랩갓,유튜브들어올때마다한번씩은보게되네ㅋㅋㅋㅋㅋㅋㅋㅋㅋㅋㅋㅋ
334,jti,진지바리~진지바리ㅋ
335,구독안눌르면내프사처럼됨,미소가구냥자동으로나옴ㅋㅋㅋㅋ
336,이영재,광고조회수봐봐ㅋㅋㅋㅋㅋㅋㅋㅋㅋㅋㅋㅋㅋㅋㅋㅋㅋㅋㅋㅋㅋㅋㅋㅋㅋㅋㅋㅋㅋㅋㅋㅋㅋㅋㅋㅋㅋ
337,페가수스,변산체되기싫어서오늘점심으로먹었습니다회장님
338,냉혈빛,하루만에400만조회수....?
339,김유,바거킹마케팅팀보나스두둑히줘라ㅋ매번대세기가맥히게캐치하는데
340,Neon,뻔하고진부한데배우덕분에재밌네ㅋㅋㅋㅋㅋㅋㅋㅋㅋㅋ
341,WupaLupa,여윽시빠른섭외ㅆㅅㅌㅊ
342,장영준,광고주아주칭찬해~~😁😗탑아이돌뿌리는치킨광고보다콘티잘짠게대박나는좋은예!!
343,최대수,오래오래사십쇼...오래오래보고싶습니다..
344,카르페디엠,헐이거진짜곽철용님이광고할거같았는데ㅋㅋㅋㅋㅋ진짜하네소름;;
345,오오오,철용곽ㅋㅋ
346,sanghunyoon,곽철용이다ㅋㅋㅋㅋ
347,배추배추양배추,아이템좌예언성공ㅋㅋㅋ
348,RA.Tiger,광고를보러들어오게만ㄴ드는구나ㅋㅋㅋㅋㅋㅋㅋ
349,머하디닉넴,아버거킹땡기네ㅋㄱㅋㄱㅋㄱㄱㄱㄱ
350,농담반장난반,광고잘만들었네ㅋㅋㅋ사무실옆자리에버거킹들어오던데자주가애겟네ㅋㅋ
351,임동건,0:07여자분왤케어색하지?
352,restart,버거킹광고담당약빨았나ㅋㅋㅋ전에4딸라도하더니
353,jjojjo,광고보려고나도..ㅎㅎ
354,루시페르,철용형님짱
355,ᄒᄒ,이광고보는데버거킹앱알림뜨뉴ㅋㅋㅋㅋㅋㅋㅋㅋㅋㅋㅋㅋㅋㅋㅋㅋ
356,달려라콩가tv,곽철용쵝!!
357,남성,알바야~!버거하나질러봐...!!
358,오징어,ㅁㄱㄸㅂㄹㄱ!
359,chrisJu,Believemeandgototheblue!
360,알수있음,ㅋㅋㅋㅋㅋㅋㅋㅋ저번엔김두한이더니ㅋㅋㅋㅋ
361,배그는비누지,젋은친구나믿고더블로가ㅋㅋㅋㅋㅋㅋㅋㅋㅋㅋㅋㅋ
362,좀만잘게,이걸해내넼ㅋㅋ
363,머쩌라고,헐ㄹㅇ했네
364,엘얄루,이제야나왔네ㅋㅋㅋㅋㅋ
365,단단한돌맹이,ㅇㅇ
366,Mon,결국CF찍으셨네ㅋㅋㅋㅋ
367,ㄱ째성,너!다음에한번더사먹어~
368,하이하삼요,진짜광고는이렇게만들어야한다ㅋㅋㅋㅋㅋ광고를클릴하고싶어지게ㅋㅋㅋㅋㅋㅋ신구:니들이게맛을알아?양미라:롯데리아라이스버거김응수(곽철용):묻고더블로가!확실히....햄버거광고가재밋네?
369,이혜준,이걸기다렸습니다...이게내결론이다.
370,maplawer,ㅋㅋㅋㅋㅋㅋㅋㅋㅋㅋㅋ트렌드ㄹㅇ잘따라가누
371,호다카피닉스,곽철용은타짜에서나오는이름이고진짜이름은“김응수”님입니다
372,KimMuFFle,드립이현실화되는건처음이네ㅋㅋㅋ
373,RK,아니근데김응수배우님.타짜1편이랑거의똑같으신데ㅋㅋㅋㅋ
374,스틱건스,김두한의이어곽철용씨까짘ㅋㅋㅋ
375,젊은수사관,ㅋㅋㅋㅋㅋ광고보이자마자바로클릭하긴첨이네
376,신도리머,나도보러옴첨이당
377,MyuaYu,버거킹은항상광고모델이넘좋음♡♡
378,ᄋᄉᄋ,전부터느꼈는데주문받는분왤캐이쁘심
379,Eddiejin,그런데버거킹직원역할한분도연기잘하시네요👍손가락올리실때영혼이있음👍👍👍
380,riLee,Finaly
381,배성길,대박상상만하던게현실이되었네요.
382,도도냥이,ㅋㅋ결국나왔네ㅋㅋ
383,스티브잡스,ㅎㅎ
384,남ᄃᆞᄂ,ㅋㅋ광고랑딱이네ㅋㅋㅋ
385,정성찬,철용형님은목소리가간지다진짜중저음
386,EPIC_FACE,ㄹㅇ나왔네
387,김건우,직원분정유미말투에목소리닮으심ㅋㅋㅋ
388,ForLoveNoCity,결국찍었네ㅋㅋㅋㅋㅋㅋㅋㅋㅋㅋㅋㅋ
389,냥덕스파하는,광고를미친ㅋㅋㅋㅋ애플이냐개잘만들었네ㅋㅋㅋㅋ
390,Minsoo,원조는울림부터가달라...
391,오승환,살다살다광고보려고들어오네ㅋㅋㅋ
392,키위,00:16뒤에사딸라아조씨
393,세무조사중,ㅋㅋㅋ광고끝까지다봄멋지셩
394,이상용,드디어왔다철용좌!
395,생각의자,예형님
396,징역?`,아조씨ㅜㅜ햄버거에다가3억태웠을거같아
397,singosai,곽철용아저씨진짜개좋아
398,이성진,와.....광고까지찍으셨네.ㅋㅋ너네밑에서정규직으로일할생각없냐?알바몬.ㅋ
399,FeverTime,진짜찐은다르네;
400,오순영,광고넘잘알ㅋㅋㅋㅋㅋㅋㅋㅋㅋㅋㅋㅋㅋㅋㅋㅋㅋㅋㅋㅋㅋㅋㅇ안사먹으면변사체..버거킹앞으로^^7
401,Bean,4달러보다잘만든듯
402,동춴,아드디어나오네편——안
403,뚠뚠뚠,ㅋㅋ미쳤다역시믿고보는응수형
404,Wseo,너무좋아
405,한준희,광고보고웃기는오랜만이누ㅋㅋ..카운터여자고객대응개웃기누ㅋㅋ..
406,아이돌,햄버거프랜차이즈대표3사중에버거킹이젤선두쳤네ㅋㅋㅋㅋㅋㅋ'더블'들어가는버거는세곳다있는데ㅋㅋㅋ
407,경두,영상올린지하루만에600만찍는광고가있따?
408,금과나무박성호,"4딸라!!!김영철님다음으로묻고더블로가!!!김응수님이시네요!광고위트있고좋습니다김응수님,화이팅입니다~~~~^^"
409,JJMOTORCAR2,내가버커킹을먹은지17년이됬다..그100중에나처럼광고찍은사람은나뿐이다
410,YagamiIori,철용형님과버거킹믿고더블로가다가심하게이득봤습니다!!감사합니다!!!
411,팀러TEMRER,와....김영철4딸라에이어서철용좌까지...대단하다버거킹
412,이종윤,아이거곽철용영상에서누가철용이형패티더블로가이러면서버거광고찍을듯했었는데ㄹㅇ이네ㅋㅋ성지순례가야지
413,노유현,빛철용
414,KEVINWILLIAMS,젊은친구，신사답게더블로가~!
415,Mr.kim,사장님지금몇개연속먹었습니까~~
416,최주동,이봐라이거누군임마!더블패티안먹어본줄알아~
417,주머니,갓버킹광고도잘찍어ㅎㅎ
418,JHHwang,사딸롸!~~~
419,pangpang,11일에나왔던거같은데
420,박정규,패스트푸드는버거킹이다철용옹좋아요
421,최연수,성지순례하러왔습니다
422,메자,ㅋㅋㅋㅋㅋ이거지
423,花ASTRO,김두한다음으로위대합니다선생!!
424,사쟁씌,진짜로만드네;;;
425,진주,버거킹모델들다호감ㅋㅋㅋ아이돌안쓰는게좋네
426,7ᅢ두식,ㅈㄴ웃기네ㅋㅋ철용좌살다실다유튜브에서광고클릭해서들어온건처음이네ㅋㅋㅋ
427,이준형,전에라디오스타인가?거기서농담으로하셨던멘트가현실이됬엌ㅋㅋ
428,유대환,유툽들어갓는대메인상단에떡하니있누
429,JPJollybean,광고를찾아서보네ㅋㅋㅋㅋㅋ조만간버거킹가줘야겠네
430,김동건,패티묻고더블로가!
431,juicycoolguy쥬시쿨가이,버거킹안에약빤놈이있다이게내결론이다.ㅋㅋㅋㅋㅋ
432,*시나몬,광고를들으려고클릭했다니자존심상한다ㅂㄷㅂㄷ
433,ShadowSovereign,Potabakitwalatosamenusapinas?
434,화팅화티팅하자,누가철용사마ㅋㅋㅋ데려가나했는데ㅋㅋ버거킹이였네ㅋㅋㅋ
435,처깅턴유튜브,저번엔김두한이번엔곽철용ㅋㅋㅋ이제는심영나오겠네
436,MinsuKim,살다살다내가광고를검색하네진짴ㅋㅋㅋ
437,옴뇸뇸,굉고보러왔슴다아이언드래곤행님
438,Mizuchi,ㅋㅋㅋㅋ이형님이묻고더블로갈정도면먹어줘야되는데ㅋㅋ
439,건들,아니저번에사딸라도그렇고이번에도ㅋㅋㅋ
440,신민수,광고보고버거사먹은건처음이다ㅋㅋ
441,Xenon54,사랑해요곽철용
442,لاتغركضحكتيكلهدموع,😘😘
443,콜렉트콜,광고보고재밌어서자주사먹으러가야겠다
444,dmsxo_01,마지막에젊은친구앞에잇는분이4딸라라고외칠것같은것은기분탓?......
445,JaeSeokLee,이버거제가잘먹겠습니다신사답게
446,짬밥TV,묻고떠블로가!!
447,진흐아,노란색자켓4딸라김영철배우님이시져?ㅋㅋㅋㅋㅋ
448,Realism7777777,짧고굵고강력한광고네요.타짜3개봉하고영화채널에서타짜1보여줬을때너무나강력한곽철용의포스!햄버거더블관심가네요.타짜1은영원한명작입니다.
449,굇수고양이,저도더블로가겠습니다
450,웅쨩,광고보려고일부러들어온거나만그런거아니구나ㅋㅋㅋㅋㅋㅋㅋㅋㅋㅋㅋㅋㅋㅋㅋㅋㅋㅋㅋㅋㅋㅋㅋㅋㅋㅋ다행이다ㅋㅋㅋㅋ
451,매튜,맥날도안되..맘터도안되..이안에버거킹이있다는게내결론이다..ㅋㅋ어이젊은친구신사답게더블로해~~ㅋㅋ
452,수입육정과장,곽철용흥해라~~~
453,silurobreeze,이거1달전쯤에촬영하던데
454,날강두,관철용
455,상상도못한정체,마참내!
456,CARP,정말위대합니다버거킹선생!!
457,김호재,광고좋다
458,JehoMoon,믿고더블로가보겠습니다철옹좌님
459,SeeyaPassionTimes,진짜광고찍으셨네ㅋㅋ
460,이현민,오오징자광고까지ㅎㅎ응수배우님축하드립니다.
461,양봉식TV,유튜브에서광고를클릭해서보다니세상에자다일어나보니아이언드래곤세상이네
462,하성표,이제나오는구나ㅎㅎㅎㅎㅎ
463,Carpediem,철용형님은믿고본다.믿고더블로가!이게내결론이다.
464,미래에서온인간•100년후,타고난선택
465,PhilipCha,김응수배우님때문에들어와서영상봅니다.버거킹의탁월한선택!!
466,마포대교,버거킹아나도좋아하는버거가있다..이런식으로자꾸맛있는버거만들면그땐내가VIP가되는거야!
467,킴루딘,광고보려고누른적은첨이야ㅋㅋㅋ
468,삐연{06}_,묻고더블저거영상볼때햄버거패티??2개로묻고더블버거광고해달란댓있었는대ㄹㅇ해주네
469,Onnurisystem,철용이형만믿고이젠와퍼말고더블로갑니다
470,JWKim,응수행님목소리ㄹㅇ간지터짐...상남자
471,AlphaGwon,4달라편도레전드였는데이것도레전드네ㅋㅋ
472,양갱스터,사달라에묻고더블로가!더블패티에4900원~빠라빠빠빠~
473,박철현,2020년에는더블과사딸라같이만나죠.OK?
474,강백호,버거킹먹자~
475,김채현,4달라형언제나오려나ㅋㅋ
476,박준영,ㅋㅋㅋㅋㅋ나같은사람이여럿이네ㅋㅋㅋ내가광고를눌러서볼줄이야ㅋㅋ
477,노박맛나는호란고구마,버거킹사딸라에ㅇㅣ어서ㄷㄷ
478,HarryChoi,"공익광고하나기대합니다""어이젊은친구,신사답게행동해."""
479,아수라발발타,이이상살릴수가없다.워낙그전에떠서..
480,피콜로,진짜광고찍었네요대박
481,룰루Lulu,이건100만보고보고또보러가!
482,정민,나도답글달아주세요버거킹님😆
483,100억사나이,ㅋㅋ여자왜이리귀엽냐
484,Baglall,byIronDragon
485,화살,브롤스타즈이병헌광고이후로처음입니다찾아서보는거는ㅋㅋ
486,매로나,zㅋㅋㅋㅋ광고들어온적처음이닥
487,수홍아빠,광고당겨서다시보기는처음이네.더블로고고~^^
488,모하메드압둘,광고볼려고직접영상에들어온건처음이네ㅋㅋ
489,호기소,예더블로가겠습니다
490,최상덕,대박!!곽철용이라니..역시믿고보는버거킹광고네!
491,아무도아닌자,크으...
492,황정현,드디어광고가나왔다속이후련..후우
493,JIANJEONG,우리반에서묻고더블고가유행인뎈ㅋ
494,죽여줘,드디어묻고더블로가는패티~~!~!~!~!
495,노을빛하늘,다들곽철용행님에주목하시니저는다른부분을...알바로나오시는분짱귀욤
496,비오는날오후,광고를보려고직접찾아들어오다니...
497,YoungMoKim,미친ㅋㅋㅋ내일점심은버거킹이다!!
498,최현준,아이언드래곤!
499,annikinsky,그럼이버거제가다먹습니다~신사답게~
500,하냑,아버거킹마렵다!
501,김현욱,믿고더블로가겠음다~~~
502,리즈,떠블로ㄱㅏ
503,Xero[GD],askandgoblue!!
504,충남쏜,묻고더블로가~~
505,binj,결국찍으셨군~!
506,w용가리,버거킹4딸라때부터알아봤어야했아
507,샤크스트TV,좋아요~🙏🏻👇👍
508,줘500원만,역시버거킹ㅋ
509,기블네랑스,ㅁㄱㄸㅂㄹㄱ
510,홍,아니버거킹더불하는데도박하는줄알았잖아ㅋㅋ
511,알아서피해라,"아니근데첫대사영화에나온걸복붙한거야,다시한거야..?너무똑같은데..?"
512,김영광,아이언드래곤굿!
513,하하호호,철용이형님
514,상풍,나중에버거킹에서황정음이치즈버거광고로출연했으면...
515,김부금,이거그냥올려도조회수빠방하게나올텐데ㅋㅋ
516,댓글보며팝콘먹기,이건영상앞에광고로뜨면대부분스킾안할듯
517,배지원,버거킹열일하네옄ㅋㅋㅋㅋㅋㅋㅋ근데패티가더블이라니궁금해서라도사먹어볼게요!!
518,개간지김용현,결국이게만들어지네ㅋㅋ
519,강남빌딩제이윤의,뒤에사딸라아저씨ㅋㅋ
520,최지수,광곤데검색해서왔습니다.
521,MiracleJJ,ㅎㅎ광고효과있는만큼우리모두사먹어요
522,산나국,믿고두번보고간다
523,UkK,진짜광고보려고들어온적은처음이네ㅋㅋ
524,고진혁,아이언드래곤볼려고왔어요ㅋㅋㅋㅋㅋㅋ
525,칼바도스칼바도스,재밌다ㅋ이런광고를만들어야지~
526,sprinter89,이야!이게나옴
527,AQUABLUE,유튜브에새로운별아이언드래곤성님드디어버거킹에입성하셨군요환영합니다
528,HEIZEN.,"어이젊은친구...""ASKANDGOTO'THEBLUE'."""
529,여중석,자네믿고우째더블로가냐ㅋㅋ
530,ᄋᄉᄋ!,변사체될까봐사러간다...
531,이현경,ㅋㅋㅋ광고보려고누른건처음이야
532,곽철용,먹고더블로가!
533,ralse,묻고더블로가!!!!
534,박기서,나도ㅋ
535,엔비루,간간히보이는노란옷을입은사람은지난광고에나왔던분맞죠?
536,우우뿌,내가집에서혼자따라해본명대사1.타짜-묻고더블로가!2.해리포터-윙가르디움레비오우사3.어벤져스엔드게임-어벤져스!!!!어쎔블
537,TACHANKALord,굿굿
538,PagonDel,하루만에조회수미쳤누
539,아데마르공작,응수좌..승승장구하시길기원합니다!
540,EOYIK,킹응수
541,규리랑카,ㅋㅋㅋㅋㅋㅋㅋ광고볼라고왔소이다
542,•sexy,와23시간전인데400만회가가능하냐?철용이형대단하네
543,익히,쳐다도안보는광고를클릭해서들어오게하시는철용이형님...
544,TOP,물들어올때노저을줄아는버거킹ㄷㄷ
545,dhc34c,내가이묻고더블로가!때문에구독한다..
546,하르트라인,콜라보영상예상해봅니다.사딸라~더블로가
547,마나포션,역시발성이...저음인데소리가저렇게힘있고깔끔하고밀도있을수가
548,플리,타짜...
549,닭갈비먹다걸린닭,지난번엔4딸러더니만요번엔묻고더블이냐
550,익명,묻고더블로가!
551,종원,노랑옷김두한아닌교?ㅋㅋㅋ
552,이당선,그새바로섭외하셨군
553,진우성,ㅇㅋ내일은이거닼ㅋ
554,문상덕,상상했던일이현실로좋습니다버거킹
555,김덕수,야!~나도보험들고다산다니가버거킹을안먹어주면그땐~마!내가깡패가되는거야~마!
556,sugar,야~올데이킹은무너졌냐?
557,불펌러들보면짖어요,이봐젊은이신사답게행동해더블로god!!
558,Orion,와김두한‘사딸라’에이어또재미있는광고하나나왔네요ㅋㅋㅋ
559,성준,오늘바로먹으러갑니다
560,Lauv,뭔데광고영상이하루만에조회수가이래나오냐
561,하루,ㄹㅇ이됬네
562,_vishera,"이봐젊은친구,버거란게말이야칼로리가쌔거든~"
563,··,쥔쥔뽜리쥔쥔뽜
564,최승헌,노란색셔츠입으신분김영철씨네ㅋㅋㅋㅋㅋㅋㅋㅋㅋ
565,YoungJinCheun,"왜영상하나야,더블로가"
566,전예준,???:묻고더블로가
567,김다빈,갔다...
568,서동현,묻고더블로봤다
569,소울오브닐,끔찍한게뭔지압니까?집근처에버거킹이없어...ㅠㅠ
570,치자나라피킨공주,철용좌...
571,jihoonlim,광고들으려고클릭해서들어와본것도처음이고한번더클릭해서또들어와본것도처음인사람?
572,박준서,이집인싸인가...?트랜드맛집이네
573,진실의방TV-세상모든진실을밝혀드림,아늬...진짜이걸만들다니ㅋㅋㅋㅋㅋㅋㅋㅋㅋㅋㅋ대박ㅋㅋㅋㅋㅋㅋㅋㅋㅋㅋㅋ
574,진수사실원반,해쉬스완나와서해쉬브라운광고하면
575,수입육정과장,광고란걸알면서클릭했어ㅎㅎㅎㅎ
576,야타,광고중독성있네이거ㅋㅋㅋ
577,크키,"버거킹이물들어올때잘하는듯ㅋㅋㅋㅋㅋ그냥우스갯소리로곽철용쓰자했던걸진짜로해는거보면,,광고기획자의이런자세참좋아요ㅎㅎ"
578,ShanoKim,버거킹빠른데?ㅋㅋ
579,a응큼늑대,젊은친구신가답게행동해
580,한승훈,아이언드래곤님혹시버거킹에게납치됐다면당근을더블로흔들어주세요
581,강지원,묻고더블로가!
582,PKM119,묻고더블로가!
583,훈이다,진작에나왔어야지ㅋㅋㅋ
584,드라마라인프로듀서_이주홍,믿고더블로가!
585,난닭부계,ㅋㅋㅋㅋㅋㅋㅋㅋㅋㅋㅋㅋㅋㅋㅋㅋㅋㅋㅋㅋㅋㅋㅋㅋㅋㅋㅋㅋㅋㅋㅋㅋㅋㅋㅋㅋㅋㅋㅋㅋㅋㅋㅋㅋㅋㅋㅋㅋㅋㅋㅋㅋㅋㅋㅋㅋㅋㅋㅋㅋㅋㅋㅋㅋㅋㅋㅋㅋㅋㅋㅋㅋㅋㅋㅋㅋㅋㅋㅋㅋㅋㅋㅋㅋㅋㅋㅋㅋㅋㅋㅋㅋㅋㅋㅋㅋㅋㅋㅋㅋㅋㅋㅋㅋㅋㅋㅋㅋㅋㅋㅋㅋㅋㅋㅋㅋㅋㅋㅋㅋㅋㅋㅋㅋㅋㅋㅋㅋㅋㅋㅋㅋㅋㅋㅋㅋㅋㅋㅋㅋㅋㅋㅋㅋㅋㅋㅋㅋㅋㅋㅋㅋㅋㅋㅋㅋㅋㅋㅋㅋㅋㅋㅋㅋㅋㅋㅋㅋㅋㅋㅋㅋㅋㅋㅋㅋㅋㅋㅋㅋㅋㅋㅋㅋㅋㅋㅋㅋㅋㅋㅋㅋㅋㅋㅋㅋㅋㅋㅋㅋㅋㅋㅋㅋㅋㅋㅋㅋㅋㅋㅋㅋㅋㅋㅋㅋㅋㅋㅋㅋㅋㅋㅋㅋㅋㅋㅋㅋㅋㅋㅋㅋㅋㅋㅋㅋㅋㅋㅋㅋㅋㅋㅋㅋㅋㅋㅋㅋㅋㅋㅋㅋㅋㅋㅋㅋㅋㅋㅋㅋㅋㅋㅋㅋㅋㅋㅋㅋㅋㅋㅋㅋㅋㅋㅋㅋㅋㅋㅋㅋㅋㅋㅋㅋㅋ
586,마음가짐,광고를클릭하다니......스벌
587,깨진사과,타짜3재평가네ㅋㅋ응수옹밥사셔야겠는데
588,나위해살시간이없다,ㅋㅋ살다살다이늠광고참말로희안하네
589,엔몬Ěņģēł_Đêmøń,니가내패티를건드리며는마!그땐맥도날드가되는거야1
590,참착맨,김응갓아이언드래곤그자체네ㅋㅋㅋㅋㅋㅋㅋ
591,aa,타짜는아이언드래곤스핀오프만드는게차라리낫겠다
592,HangilJeong,물들어올때노저어라
593,조건희,"야고니야,감튀하나찔러봐라"
594,서정호,광고어디서봤는데
595,늅늅씨,철용이가드디어광고를회장님더블이막힐거같습니다묻고트리플로가
596,정진이,이거보고오늘저녁버거킹주문했다...
597,나명수,내가달건이생활을열일곱에했다지금~~나뿐이이야
598,Helldic82,드디어곽철용광고나왔네ㅋㅋ
599,래몬슈가의병맛세상,저번에는김두한에이어서이젠곽철용?
600,ᄃᄒ,드디어아이언드레곤이
601,샷적중,댓글은1.6인데조회수는더블을넘어섰네
602,TOMA,내일점심음더블이다!!
603,WoonieKim,근데맛잇겟다패티두장에해쉬브라운이라니
604,신똥쟁,좋아요가더많은광고는오랜만이네..
605,두둥,"와...조회수308만광고다...이광고가어떻게여기까지왔냐?라이즈오브킹덤즈재치고,왕이되는자재치고,중국인더빙게임다죽였다..."
606,말라카이트,묻고더블패티로가!
607,양승민,ㅋㅋㅋ김두한때도그렇고광고너무재미있는거아님ㅋㅋㅋ
608,김현진,내가이렇게까지광고하는데..안먹으면.. 마~~!!그땐내가깡패가되는거야~~!!!
609,택,광고보려고일부러온거처음인척지리쥬...
610,`홀딱거힝,ㅋㅋㅋㅋㅋㅋ내가무의식적으로광고를클릭했네ㅋㅋㅋ왠지모르게끌렸다는전설이전설이전설이...~
611,치킨텐더,4달라.묻고더블로가버거킹세계관확장
612,〰비월향,솔직히오뚝이다트묻고떠블로가보고들어온사람1명쯤음있다ㅇㅈ?내가그랬음..
613,한명욱,이광고보고서롯데리아제끼고맥도날드보내고KFC죽이고버거킹으로간다!!!
614,게이머닝겐,역시버거갓
615,김형일,그래내가기다리던광고임^^
616,이찬희,곽철용은흥한다이게내결론이다
617,Sungue,타짜삼이쏘아올린작은공ㅋㅋㅋㅋㅋㅋㅋㅋ
618,KTXSancheon,행사기간묻고더블로가는거묻고더블로갑시다.
619,으리으리,이햄버거는제가먹겠습니다신사답게
620,박정수,광고를클릭해서볼줄이야...
621,jha,대박
622,쭈얀,베라이후로광고를보려고직접찾아온것은처음이야...
623,RicardoMilos,오늘버거킹이다
624,대충입자,그래철용아너믿고한번배팅해본다
625,김태윤,???:회장님계산줄이너무밀립니다???:옆카운터는장사안하냐ㅅ끼야?
626,이왕건,조회수쭉쭉오르네곽철용좌임팩트ㄷㄷ해
627,송원이,드디어이cf가나왔구나
628,김연우,이광고엔광고를붙여도합법ㅇㅈ
629,DY,진짜광고를들으려고클릭한적음첨이네ㅋㅋㅋㅋㅋㅋㅋㅋ
630,이름성,응수좌햄버거광고진짜나왔네ㅋㅋㅋㅋㅋㅋㅋ존나웈겨ㅋㄱㅋ
631,이기웅,형님믿고더블로갈께여오늘햄버거하나사먹어야지
632,반니스텔루이,햄버거하나에6천원을태워?5900원이게내결론이다묻고더블로가!더블패티올데이킹!고니야감자도찔러봐라하루종일더블패티세트가5900원!버거킹!누군임마햄버거안먹어본줄알암마?젊은친구신사답게주문해
633,OpJason,약3차례에걸친철용좌광고티져끝에드디어나왔네요ㅋㅋㅋㅋㅎ기대를저버리지않고유쾌하면서기가막히네여ㅎㅎ이거아이언드래곤때문이라도다음에버거킹가서묻고더블로가보겠습다ㅋㅋㅎㅎㅎㅎ
634,서동현,조회수뭐냐..
635,동대문쿤,아또나오네저번에사딸라할때도진짜그러더니;;버거킹가야지
636,승찬이,전에철용이형님이버거킹에서cf찍는거누가사진찍어서sns에올라왔을때부터광고언제뜨나기다렸는데드디어떳네요ㅋㅋㅋㅋㅋ
637,내이름알필요잇나?,곽철용숲노래좋음
638,S.J.Kim,ㅋㅋ광고를무한재생중이네ㅋㅋ
639,정닉,드뎌나왓너
640,배현성,드뎌광고를절대동안(만18세때미모)드래곤K(곽철용김응수)
641,I'mnotgayᆞ,오늘부터버거킹만먹는다
642,박하사탕&mintcandy,묻고더블로가!
643,방개약,다음은궁예인가?
644,서태욱,"알바야,감튀하나찔러봐!"
645,JasonPark,좀더길게만들면재미있을듯ㅎㅎㅎㅎ
646,주원,맛있겠누
647,쁫사-이저,1초도안망설이고바로들어왔쥬
648,돈좋아하는송곰님,노란색옷김두한아닌가여?
649,fumkinG.,버거킹은뭘알어확실히ㅋㅋ
650,참새의일기장,버거킹이저번사달라도그렇고시대의흐름을아네ㅋㅋㅋㅋㅋ
651,주주,내감자튀김어딨어..?아모르시지!
652,Styx,광고도더블로봤습니다
653,mtj,BurgerkingisBringmehere
654,돛대,와완벽하다..목소리또한.
655,vvvuZsz,드디어나왔네버거킹이확실히광고컨셉잘하는듯
656,Wootso웃소,왜뒤에사딸라김영철씨가있지?
657,소비에트테러리스트404,최고의광고이다이게내결론이다.
658,JiyunLee,쩐다
659,박정규,"'묻고더블로가'이걸진짜로광고로만들었네.더블올데이킹하루종일5,900원???한번먹으러가야겠다ㅋㅋㅋ이런버거이런광고안만들이유가없지.섭외안한햄버거프랜차이즈들이바보하하😂😅😆"
660,서재원,전설의아이언드레곤
661,Xenon54,이제야쿠르트광고도각인가
662,강현준,패티하나에사딸라를태워~?묻고떠블로가!
663,진혁강,버거킹형댓글달아줘
664,l연아,묻을까말까?묻을까말까?!묻을까말까?!묻!묻!묻!묻고떠블로가~사랑해요아죠씨
665,2mugen1,역시나
666,정원욱,버거하나에패티둘을태워?
667,장상욱,버거킹칭찬해
668,곽철용,누군뭐패티두장안먹어본줄알어?
669,김선비,옆동네가게니들이게맛을알아이후첨으로광고보러들왓네ㅋㅋㅋㄱ
670,tenderhouse,결국엔찍었구나...!!
671,한지운,???:버거킹!
672,윤인권,묻고따블로가??☝(^0^)==☝☝(^0^)==☝묻고따블로가!!
673,LionKang,"""내진즉처리했어야하는건데햄버거는버거킹이야"""
674,최수혁,버거킹이자식들...광고에재능있나봐
675,박정현,그렇게차를타고집에가면서담배를찌를려다차에치이고마는데
676,감마,고니야...감튀하나찔러봐라
677,오재혁,버거킹광고는역시잘만듬
678,보리멸,그러고보니저뒤에양복을입으신분은어디서많이본...김두한?
679,오태식,이거언제나오나했다
680,꿀꿈곰돌이,ㅇㅋ이젠버거킹다녀야지
681,날강두,와
682,forjex,묶고더블로가
683,JWC,버거킹역사상최고의영입
684,이상훈,드디어나왔다응수옹의광고
685,ᐛ돈까스윙스,하보이지마자바로옴
686,자막하는죠죠러,묻고떠블로가어뜨케하나도안틀리고발음까지똑같을수가있지
687,최영민,"광고를보려고클릭하고들어간것도처음인데,몇번을반복해서보는거야!!ㅋㅋㅋ"
688,8347abab,밈이유행한시기보다늦게광고가나온건묻고더블로갈새로운햄버거를만드느라오래걸린거아닐까요허허
689,도현아밥먹자,내인생광고에좋아요누른거처음이다
690,지나가던상남자,"철용형님더블패티후기망하면""묻고다시가!""하시려나?"
691,HoJunkang,사딸라김형철까메오...ㅋㅋ
692,유틸러,...........므꼬?타블로가?!
693,加德满都,그래형님을믿고더불로가보겠습니다
694,증명없이사용가능,더블로가
695,AQUABLUE,16초20초김두한뒤통수까메오출연버거킹성님광고좀찍을줄아시네ㅋㅋㅋ이런짤잼을ㅋㅋㅋ
696,호구,내껀없나??어때예림이~
697,Dandilion댄디라이언,나이제버거킹만간다
698,박성진,광고들으려고클릭한건사달라이후오랜만이네요.
699,규자TV,아놔...광고를반복재생하고있다니그사이사딸라영철형님뒷모습은으응?ㅋㅋ
700,김태성,조회수어마어마하네
701,이찰스,광고클릭하게만드는아이언드래곤
702,공대생,버거킹유니버스가이렇게이어지네4달라에서곽철용으로ㄷㄷ노란자켓영철이형...거의마블유니버스급
703,BJ론빵,묻묻묻묻묻묻묻고더블로가파토네적금붓고보험들고더블더블더블로가
704,ᄏᄏ,믿고떠블로가
705,경영학플러스알파,나믿고더블로가....
706,PMCwolf,하아니이게
707,orion-,버거킹사랑해요
708,독고다이,묻고더블로가
709,흑돌이TV,클릭을안할수가없었다
710,카트루,4달러형님막을내리고철용이형님전성기이군
711,가끔이,내가직접검색해서들어왔네버거킹티저를다봤는대유튜브알고리즘이이걸추천을안하네그럼직접찾아가지머
712,콤콤TV,이야결국은광고찍으시네요~~
713,BandanaDee,진짜광고기획자누구냐4딸라도그렇고곽철용까지진심댓글하나하나읽어보는게느껴진다
714,미스터미세스,아끝에방터졋네
715,jhH,점원손모양따라하는거졸귀탱ㅋ나만그런가요
716,현칠이의행복한방송생활,영상밑에노란박스에광고써져있는거실수로누르면ㅈㄴ빡쳤었는데이건일부러누르게된다..
717,하루살이,젊은친구나믿고떠블로가
718,너천재,천하의곽철용이가햄버거광고한다고알려주랴?
719,김홍,ㅋㅋㅋ
720,깜장콩,"오늘부터롯데리아에서버거킹으로갈아타겠습니다.곽철용행님믿고,"
721,핀켓,응수짱광고찍었다능~!
722,화봉요원,철용형님이면믿고가야죵
723,이덕구,버거킹다음에는뭐나올까?
724,JiHyoungLee,그럼햄버거는제가먹습니다...신사답게...
725,정지원,근데이대사왤케갑자기확떴어요?
726,베르디,ㅋㅋ결국이광고나왔네
727,Mr.kim,너내밑에서버거만들생각없냐?우리같은사람들이세상경우란경우는다어기고살았어도나랑버거는경우차려야지!
728,삼각형,버거킹진짜머리잘굴리네
729,강남콩,드디어나왔구만
730,JINSK,드디어응수아조씨cf찍었네
731,QuQ,버거킹이드디어미쳤어요
732,너네어머니건강하시냐,이시간에버거킹광고보는내인생레전드
733,hyoungtakkim,상단광고영상을눌렀네ㅋ
734,유재환,버거킹가아자ㅎ
735,다크나이트,버거킹광고컨셉ㅋㅋㅋㅋㅋㅋㅋ사딸라부터시작해서이런쪽으로만가는거냐ㅋㅋㅋㅋㅋㅋㅋㅋ
736,Bluebullet,오늘점심은버거킹이다.이게내결론이다.
737,김민준,내가광고를클릭하다니..
738,카린a,광고를클릭해서들어와버렸다.
739,J.O.PARK,버거킹CF다음편은펭수일듯ㅋㅋㅋ
740,백련,이정재-김영철-곽철용-???다음타자는?
741,리창룡,살다살다광고보러들어온건처음이다
742,WoongkyuPark,사딸라에이어서광고잘만들었다
743,우리커플,상업광고안찍으신다더니ㅎ
744,skadbwls,아이언드래곤을보자마자난들어올수밖에없었다고한다..
745,김꼴데,구독도더블로클릭
746,조상혁,제가위가작아서
747,토니와쥬니,광고댓글보러옴ㅋㅋ
748,똥꼬쇼,버거킹사딸라부터알아봤다;;
749,김민수,아이언드래곤은역시코발트블루
750,하하하,이제광고를4달라하고묻고더블로가면완벽
751,you편집주식회사,4딸라에이어서묻고떠블이라니
752,잼민TV,아이템
753,kronik,광고눌리고싶은충동은.첨이다ㅋㅋㅋㅋㅋㅋㅋㅋㅋㅋㅋㅋ광고잘뽑았네
754,도끼형,버킹아니가내money를무시하면마그땐강도가돼는거야패티트리플로가!!
755,DDy,물론표정연기감정연기도잘하시지만일단기본발성자체가좋으신듯.
756,HenryWilliams,"Wait,BurgerKingisalsoinKorea?!Ithought,itwasjustinNorthAmerica."
757,너굴,올데이킹하앍묻고더블로가
758,악플의교과서김주형,어이젊은친구신사답게행동해
759,공혁준,와버거킹답글일일이달아주는거실환가심지어복붙도아니네쩐다
760,보이쉬한뷰티,진짜저렇게주문하면직원도저렇게받아줄까?
761,bjfeelgoodtravel,더블가자
762,황금망토배찌,김응수김영철신구그들은대체진짜아이돌보단이런분들이광고많이했으면좋겠다
763,VitchZena,응수좌보러왔슴다.광고를직접찾아서본적은27년동안처음이네요
764,민준일,아
765,TeamScania,사딸라부터철용좌까지버거킹이시키들뭘좀아네ㅋㅋㅋㅋ
766,LeeDavid,조만간버거킹가서더블버거주문한다
767,PAnonymous,저도광고보려고클릭하긴첨이네요
768,전자램지,맥도날드는무너졌냐이섀꺄?
769,사연읽는남자혁이의,ㅋㅋㅋㅋㅋㅋㅋㅋㅋ
770,지노다이,나도순정이있다롯데리아가면나도그때부턴깡패가되는거야
771,오징어,버거킹이런건잘하네사딸라에이어서곽철용까지ㅋㅋ
772,앵무새,빨리2탄안만들면그땐변사체가되는거야
773,junKKim,다음버거킹광고는심영과의사양반이찍었으면좋겠네요.강력추천합니다.
774,어찌하리,화란아나도순정이있다니가이런식으로내순정을짓밟으면마!그때는내가깡패가되는거야!내가널깡패처럼납치라도하랴!
775,broly,김두한도나왔는데...이젠저분까지나왔네
776,SHL,묻을까말까묻을까말까묻을까말까묻을까말까묻묻묻묻묻고더블로가!
777,BrandonS,묻고더블로가...광고클릭하는게내결론이다.
778,아수라닭발,전설적인명대사
779,TENTENTEN,머야광고따위에왜댓글을내가달고있지..댓글묻고더블로가
780,벡터&3D펜커피,4딸라vs더블
781,박윤진,"사딸라에이은묻더블까지...버거킹당신은대체,,"
782,아이가남자다,광고묻고더블로가~
783,제이,광고를계속보게되네ㄷㄷ
784,LuckyGuy,아니....이사람은몇년전영화때문에CF를찍네
785,한기,버거킹은ㅇㅈ
786,월피스카터,버거킹..이제던질까말까광고만찍으면올해는성공이다
787,주식관종,나도버거킹먹어야지더블로ㅎ
788,seungjaeyune,광고크릭은처음이다
789,크리스에반스,ㅋㅋ응수좌보러광고들옴
790,은범정이구현박,김영철아이어드래곤콜라보한번가자
791,김요일,이제나오내
792,UNKNOWN,이제햄버거는버거킹이다버거킹만존나먹는다
793,꿀벌댕댕,와드디어광고찍으셧네ㅡㅋㅋㅋ사람들이재미삼아올린글이라고생각햇는데.ㅡㅋㅋㅋㅋ역시대세구나.ㅡㅋ
794,대한민국을사랑하자,사딸라
795,민진,노란정장4딸라아저씨인가
796,WarframeSHU,이제'돈받고버거킹으로가'라고외치면되는부분입니까?
797,휴지바께모태,Askandgototheblue
798,choi-ssaeng최쌩,다음은진진바리
799,주우,이럴줄알았다
800,smileface,드디어팍철용아조씨도나오는구나
801,ˇ수정,사딸라도그렇고아이언드래곤도그렇고버거킹이다먹네ㅋㅎㅋㅎㅋ
802,이윤수,광고보려고클릭은처음ㅋㅋ
803,CHLim,젊은이신사답게한줄로서
804,Hermes,이분처음뵌게추노의좌의정인가우의정인가역할.진짜딱상상해오던나쁜관료의이미지와똑닮아서진짜몰입감높게재밌게봤음.그위엄에소름돋기도하고..봐왔던빌런들중제일위엄쩜.
805,기모띠,저기4딸라좌도보이네
806,순범김,Askmegoandblue아닌가
807,W.KChoi,젊은친구신사답게더블로가~라고하지
808,최민식TV,조회수뭐냐
809,공이사,영화도흥행몇년지나광고까지사람일은모르는거진짜그럴려면준비하고있어야지
810,김후우,롯데리아오징어버거이후로내손으로광고보러들어오다니..
811,김밴드오브,ㅋ
812,꾸리,ㅋ광고를계속보게하네ㅋ
813,sghauf472,이야...맥도날드캐릭터가너왜버거킹갔어라고하는거보다이형이너...맥도날드갔다간변사체가된다?하는게더무섭겠다야...ㄷㄷ
814,원동현,댓글이다른곳에올라와있는거랑완전다르네다인위적이고역시대기업인가
815,ᄏᄏᄏᄏ,패티가더블이야곽철용이가나와버거킹이답이다이게내결론이다
816,나쁜늅늅이,DC사람들꿈이이루어지넹
817,보고한다,이런게광고다
818,오제덕,이건구매각
819,滿月,날아오르라아이언드래곤
820,아놕,내일먹어봐야징
821,방방방,아내일은주문할때더블루주세요해야겟다
822,金忠玄,와내일은버거킹이다...
823,팩트폭격기,곽철용뜨기전에예전부터곽철용따라하고친구나주변인들지인들웃기고그랬는데어느새떠버렸네...신기하다고스톱아이디도곽철용장동식이런거임ㅋㅋㅋ
824,황금함대,캬물들어올때노잘젓네
825,김인숙,처음으로광고를클릭했다
826,천성호,오?철용이가광고에?하면서뜨니까바로봤다손
827,박성환,알바야감튀하나찔러봐라
828,WillKim,버거킹존맛
829,세모바지뚱이지밥,꿈에그리던광고가드디어나왔네.
830,크리미뷰살빠지는레시피,광고대유잼햄버거는앞으로무조건더블로먹어야겠구만여
831,아모르파티,광고대박이네ㅋㅋ
832,곽철용,고니야감튀하나찔러봐
833,??????,올데이킹안시키면너는변사체가된다
834,이천폭격기,4달라아저씨도있네
835,BroYang,변사체되기전에사먹어야지
836,이명훈,광고보려고들어온건처음이다
837,SRayLE,이정도면광고의저작권이공공소유가아닐까싶다.
838,엘티,회장님식당가는길이막히는거같습니다버거킹은문닫았냐이셰끼야
839,민구,오늘버거킹먹습니다
840,HyangJi,광고보려고들어옴ㅋㅋㅋ2
841,umr,알바생역할하는분외모미쳤네곽철용보러왔다가알바만보네
842,NEWNEW,이제야나두도응수좌가찍었으면...내가야나두를열일곱에시작했다.그나이때영어회화시작한놈들이100명이라하면은지금네이티브스피커수준까지하는놈은나혼자뿐이야.나는어떻게여기까지왔느냐눈으로보고입으로따라하고말하기에실용적인영어들다반복했다고니야너두영어할수있어야나두지금등록하면묻고반값으로가
843,5조500억,광고를자발적으로보냐고ㅋㅋ
844,자갈의일상채널,욷고더블로가!이거왜다시뜨는지궁금하네10년정도된영화에서나온건데ㅋ
845,트위치쿤,아니다시올린건가?왜2번본거같지?그뜻이였어???
846,cashbox,곽철용버거로한정판매하면버거킹매출역대급찍을듯철용아재가싸인회하면서ㅋㅋ
847,박명준,어이젊은친구신사답게행동해
848,ᄋᄋ,패티2개?맛있것네
849,누누,버거킹은광고낼줄아네
850,?.?,더블도안되고패티도안되고더블패티가있다이게내결론이다
851,올때메로나,와비비큐는망했는데버거킹은살렸네
852,gajachitaSeok,내가여기까지어떻게올라올줄아냐?맥도날드제끼고롯데리아밟고여기까지올라온놈이야~ㅋ
853,이준혁,희대의빅매치김영철vs김응수
854,황소교안,버거킹대한민국최고버거!
855,TUNA,그나저나여자분이쁘다
856,나다,안사멱으면변사체가된다이게내결론이다
857,파브르TV,젊은친구나믿고더블로가ㅋㅋㅋㅋㅋㅋㅋㅋㅋㅋㅋㅋㅋ
858,리라임레이티,2019년한해를상반기사딸라하반기묻고떠블로화룡정점을찍어버리네...
859,조상혁,따불라가자웅수횽아
860,선웅김,묻고따블루가
861,우덩덩덩,햄버거건들지말어손모가지날아가붕게
862,수퍼콘수퍼손,버거킹일잘한다
863,ᄋᄋᄋᄋ,광고인기가거의조정석동원참치급이네
864,l곽철용l,그래더블로먹고왔냐들..또안먹으면변사체가된다..
865,꿿꿽쉟뚪쀍쮍,유튜브알고리즘이여기로안내해준건처음이네
866,한호승,10월달에안올리고지금올린게신의한수인가조회수봐라ㄷㄷ
867,totzkaArs,''묻고사딸라가!''
868,우리엄마먹지마,너내밑에서패티구울생각없냐?
869,이정배,여기서KFC를가는배신자가있다이게내결론이다
870,VitchZena,이제보험광고하셔야합니다응수좌님.
871,라이더스커널,ㅋㅋ행님믿고더블로가겠습니다
872,조현인,광고보려고.클릭했다
873,무플을보면짖는개adogbarkingwithoutcomment,Askandgototheblue.
874,김JIN,다음은방탄유리가자
875,구독하면프사니미래여친,떠블
876,채널옮김!채널옮김,노란색양복입은사람김두한아님?
877,김대박,이것도타짜3가기대에못미치니깐과거에타짜1이비교가되서회상이되고그와중에악역으로호평받은김응수가나오면서결국은모델까지하게되네.그때당시만하더라도그렇게까지인기있거나하지않았는데역풍이무섭긴무섭구나생각듬.
878,루루,고투더블루ㅋㅋㅋㅋㅋ
879,김윤회,노란양복아저씨는김영철(김두한)이죠?
880,안치홍,아이언드래곤성님어느회사에서광고모셔가나했더니역시버거킹이네ㅋㅋㅋㅋ이번광도졸잘나왔네요ㅋㅋ버거킹역시센스쟁이ㅎㅎ
881,하나기리도리,나믿고따따블로가
882,H.RB.,떠블로하나더광고만듭시다
883,Gazah1977,askandgototheblue
884,인생파도아니냐,광고를찾으려는건처음인듯
885,겨털산신령,묻고광고클릭하고가
886,mattHong,곽철용캐릭터는매년재평가되는구나김응수님흥하세요!
887,히뜨다히뜨,미쓰리에서도선심이형부한테''신사답게행동해''라고하는데개웃김ㅋㅋㅋㅋㅋ
888,Hamboy,"야,너내밑에서패티구울생각없냐?"
889,영화볼래?,김응수도버거킹광고들어왔내
890,3033Beggar,버거킹은죽었냐이쉐이키야?
891,ToreVik,갓거킹은인정이지
892,대한민국을사랑하자,내가모델하고싶다
893,PDr.,얘들아!저분이패티가작으시단다!가서패티좀키워드려라~어이젊은친구신사답게햄버거하나먹고가!먹고떠블로가!패티도커!가격도좋아!더블패티더블올데이킹이내결론이다이거야!내가17곱에버거킹보이생활을했다.나는어떻게지점장까지왔느냐?잘난버거제끼고못난버거보내고더블버거처럼두꺼운버거..다먹었다!
894,dhroh,신사답게가서사먹자
895,CHECKITOUT,더블패티안사먹으면너변사체가된다
896,김한성,개똑같네
897,소리,ㅋㅋㅋㅋ철옹짜응
898,준성,읍네치킨가는전혀다른역시갓버킹
899,김네모,라이즈오브킹덤즈나틱톡같은극혐광고거르고이런광고만뜨면좋겠다
900,오태경,노란색양복4딸라아니야?
901,호날두,광고안봤으면변사체될뻔...
902,SunnSunny,"1.어이젊은친구...신사답게행동해-정장,넥타이등패션광고가능2.애들아이분이담이적으시댄다.뒤에가서담좀키워드려라-워터파크,놀이동산광고가능3.너내밑에서일해볼생각있냐?-잡코리X,사람X등취업사이트광고가능4.나도적금붓고보험들고그러고산다-보험회사,저축은행,증권사광고가능"
903,내앞에고양이,ㅋㅋㅋㅋㅋㅋㅋㅋㅋㅋㅋㅋㅋㅋ아니이형님을보고안누르는사람이있긴한거야?..가불기에반데..
904,LilEpoch's,너네광고찍을줄아는구만
905,이런아,광고만3번내손으로클릭했다
906,JasonFredrikGriffinLee,"Today'sdinnerisBurgerKing,motherxxxxer!Askandgototheblue!!!!"
907,박민규,매출더블로가!
908,유정운,광고5초순삭하는내가광고시간이너무짤막하게느껴져서아쉬움이남내ㅜ다음에는좀더길게
909,배스킨라빈스31,묻고더블로가ㅏ!!!!!!
910,석가모니,이제궁예감기약가자제약회사놈들아
911,이기리ㅇㅇ,ㅋㅋㅋㅋㅋㅋㅋㅋ알바야나도순정이있다니가내패티를짓밟으면마~그땐내가깡패가되는거야!!
912,무명,Gonee:ohman~wouldyougototheblue?//Boxirondragon:Iwillburyandgototheblue
913,위즈원,유튜브광고싫어서바로넘기고안보는데이건볼려고검색하고눌렀다
914,샤이닝타느님,형이왜여기서나와?
915,박종선,내가살다살다광고를클릭해서볼줄몰랐음갑자기버거킹땡기네..
916,루루,원아이드잭출연안하고최대수혜
917,폭주토끼,광고를스킵은해봤어도일부러보려고클릭한건처음이네ㅋㅋ
918,이성계,고니넌뭐야?고니:난더블아니에요한장이에요
919,공상두,짧아서아쉽노변사체가될것같네이게내결론이다
920,휴지통,버거킹성공했네철용이형이랑광고도찍고
921,minJ,광고싫어하는데누른내자신이...
